cp1,m1,tbilrate,unemp
-0.007904,0.045361,-0.396881,0.105361
-0.021979,0.066753,-2.277267,0.139762
0.00234,0.010286,0.606136,0.160343
0.008419,0.037461,-0.200671,0.127339
0.008894,0.012202,-0.405465,0.04256
